﻿<?xml version="1.0" encoding="utf-8" ?>
<configuration>
  <configSections>
    <section name="hibernate-configuration" type="NHibernate.Cfg.ConfigurationSectionHandler, NHibernate" />
  </configSections>
  <hibernate-configuration xmlns="urn:nhibernate-configuration-2.2">
    <session-factory>
      <property name="connection.provider">NHibernate.Connection.DriverConnectionProvider</property>
      <property name="connection.driver_class">NHibernate.Driver.SqlClientDriver</property>

      <property name="connection.connection_string">#{earlychildhoodschsearch-app-db}#</property>

      <!--
      <property name="connection.connection_string">#{earlychildhoodschsearch-app-db}#</property>
      <property name="connection.connection_string">Data Source=ES11vDEXTESQL01;Initial Catalog=Intranet;User ID=SchoolPage_SchoolSearchRead;Password=evyoejoj</property>
      <property name="connection.connection_string">Data Source=dev-schoolsearch.database.windows.net,1433;Initial Catalog=dev-schoolsearch;User ID=schoolsearch;Password=$chools3@rch.</property>
      -->

      <property name="dialect">NHibernate.Dialect.MsSql2012Dialect</property>
      <property name="show_sql">false</property>
      <property name="proxyfactory.factory_class">NHibernate.ByteCode.LinFu.ProxyFactoryFactory, NHibernate.ByteCode.LinFu</property>
    </session-factory>
  </hibernate-configuration>
</configuration>
