﻿<?xml version="1.0" encoding="utf-8" ?>
<hibernate-mapping xmlns="urn:nhibernate-mapping-2.2"
                   assembly="SchoolData.WebAPI"
                   namespace="SchoolData.WebAPI.Models">
  <class name="SchoolSearchInfo">
    <id name="locationCode" column="locationCode">
      <generator class="native"></generator>
    </id>
    <property name="type" column="type" />
    <property name="boroughName" column="boroughName" />
    <property name="name" column="name" />
    <property name="phoneNumber" column="phoneNumber" />
    <property name="primaryAddressLine" column="primaryAddressLine" />
    <property name="zip" column="zip" />
    <property name="grades" column="grades" />
    <property name="stateCode" column="stateCode" />
    <property name="x" column="x" />
    <property name="y" column="y" />
    <property name="profile" column="profile" />
    <property name="neighborhood" column="neighborhood" />
    <property name="district" column="district" />
    <property name="distance" column="distance" />
    <property name="dataflag" column="dataflag" />
    <loader query-ref="SchoolSearch_GIS_GetSchools" />
  </class>
  <sql-query name="SchoolSearch_GIS_GetSchools" >
    <return class="SchoolSearchInfo">
      <return-property name="locationCode" column="locationCode" />
      <return-property name="type" column="type" />
      <return-property name="boroughName" column="boroughName" />
      <return-property name="name" column="name" />
      <return-property name="phoneNumber" column="phoneNumber" />
      <return-property name="primaryAddressLine" column="primaryAddressLine" />
      <return-property name="zip" column="zip" />
      <return-property name="grades" column="grades" />
      <return-property name="stateCode" column="stateCode" />
      <return-property name="x" column="x" />
      <return-property name="y" column="y" />
      <return-property name="profile" column="profile" />
      <return-property name="neighborhood" column="neighborhood" />
      <return-property name="district" column="district" />
      <return-property name="distance" column="distance" />
      <return-property name="dataflag" column="dataflag" />
    </return>
    select distinct LOC_CODE as locationCode, '' as type, 
    Case When convert(int, BORONUM) ='1' Then 'Manhattan' When convert(int, BORONUM) = '3' Then 'Brooklyn' When convert(int, BORONUM) = '2' Then 'Bronx' When convert(int, BORONUM) = '4' Then 'Queens' When convert(int, BORONUM) = '5' Then 'Staten Island' END 'boroughName',
    SCHOOLNAME as name, '' as phoneNumber, '' as primaryAddressLine, convert(int, ZIP) as zip, '' as grades,
    'NY' as stateCode, POINT_X as x, POINT_Y as y, '' as profile, Neighborhood as neighborhood,
    convert(int, GEO_DISTRI) as district, '' as distance, 'G' as dataflag
    FROM SEARCHPOINTS
    where DATALENGTH(rtrim(LTRIM(LOC_CODE))) > 0
    order by LOC_CODE
  </sql-query>
</hibernate-mapping>