﻿<?xml version="1.0" encoding="utf-8" ?>
<hibernate-mapping xmlns="urn:nhibernate-mapping-2.2"
                   assembly="EarlyChildhood.WebAPI"
                   namespace="EarlyChildhood.WebAPI.Models">
  <class name="SchoolSearchAddress">
    <id name="locationCode" column="locationCode">
      <generator class="native"></generator>
    </id>
    <property name="name" column="name" />
    <property name="primaryAddressLine" column="primaryAddressLine" />
    <property name="dataflag" column="dataflag" />
    <loader query-ref="SchoolSearch_EL_GetSchoolsBySearch" />
  </class>
  <sql-query name="SchoolSearch_EL_GetSchoolsBySearch" >
    <return class="SchoolSearchAddress">
      <return-property name="locationCode" column="locationCode" />
      <return-property name="name" column="name" />
      <return-property name="primaryAddressLine" column="primaryAddressLine" />
      <return-property name="dataflag" column="dataflag" />
    </return>
    select distinct locationCode, name, primaryAddressLine, dataflag from
    (select distinct substring(LocCode,3,6) as locationCode, NAME as name, ADDRESS as primaryAddressLine, 'C' as dataflag,
    rows = Row_Number() over (order by substring(LocCode,3,6))
    from SchoolPages_PrekData
    where (Borough in ('M','X','K','Q','R'))
    and ((LocCode like :sLocCode or Name like :sName or Address like :sAddress)
    or (LocCode like :sLocCodeEx1 or Name like :sNameEx1 or Address like :sAddressEx1)
    or (LocCode like :sLocCodeEx2 or Name like :sNameEx2 or Address like :sAddressEx2))
    ) r
    where (r.rows &#60;&#61; :sRows)
    order by locationCode
  </sql-query>
  
</hibernate-mapping>