﻿<?xml version="1.0" encoding="utf-8" ?>
<hibernate-mapping xmlns="urn:nhibernate-mapping-2.2"
                   assembly="EarlyChildhood.WebAPI"
                   namespace="EarlyChildhood.WebAPI.Models">
  <class name="SchoolSearchInfo">
    <id name="locationCode" column="locationCode">
      <generator class="native"></generator>
    </id>
    <property name="type" column="type" />
    <property name="boroughName" column="boroughName" />
    <property name="boroughCode" column="boroughCode" />
    <property name="name" column="name" />
    <property name="phoneNumber" column="phoneNumber" />
    <property name="primaryAddressLine" column="primaryAddressLine" />
    <property name="zip" column="zip" />
    <property name="grades" column="grades" />
    <property name="stateCode" column="stateCode" />
    <property name="x" column="x" />
    <property name="y" column="y" />
    <property name="profile" column="profile" />
    <property name="neighborhood" column="neighborhood" />
    <property name="district" column="district" />
    <property name="distance" column="distance" />
    <property name="dataflag" column="dataflag" />
    <loader query-ref="SchoolSearch_EL_GetSchools, SchoolSearch_EL_GetByLocCodes" />
  </class>
  <sql-query name="SchoolSearch_EL_GetSchools" >
    <return class="SchoolSearchInfo">
      <return-property name="locationCode" column="locationCode" />
      <return-property name="type" column="type" />
      <return-property name="boroughName" column="boroughName" />
      <return-property name="boroughCode" column="boroughCode" />
      <return-property name="name" column="name" />
      <return-property name="phoneNumber" column="phoneNumber" />
      <return-property name="primaryAddressLine" column="primaryAddressLine" />
      <return-property name="zip" column="zip" />
      <return-property name="grades" column="grades" />
      <return-property name="stateCode" column="stateCode" />
      <return-property name="x" column="x" />
      <return-property name="y" column="y" />
      <return-property name="profile" column="profile" />
      <return-property name="neighborhood" column="neighborhood" />
      <return-property name="district" column="district" />
      <return-property name="distance" column="distance" />
      <return-property name="dataflag" column="dataflag" />
    </return>
    select distinct locationCode, type, boroughName, name, phoneNumber, primaryAddressLine, zip, grades,boroughCode,
    stateCode, x, y, profile, neighborhood, district, distance, dataflag
    from
    (select rank() over(order by Name, Address) as rank, substring(LocCode,3,6) as locationCode, Type as type, Borough as boroughCode,
    Case When Borough ='M' Then 'Manhattan' When Borough = 'K' Then 'Brooklyn' When Borough = 'X' Then 'Bronx' When Borough = 'Q' Then 'Queens' When Borough = 'R' Then 'Staten Island' END 'boroughName',
    Name as name, Phone as phoneNumber, Address as primaryAddressLine, Zip as zip,
    IIF(substring((IIF([PREK_SEATS]>0, ',PK','') + IIF([3K_SEATS]>0, ',3K','') + IIF([EL_SEATS]>0, ',EL','')),1,1)=',',substring((IIF([PREK_SEATS]>0, ',PK','') + IIF([3K_SEATS]>0, ',3K','') + IIF([EL_SEATS]>0, ',EL','')),2,8),(IIF([PREK_SEATS]>0, ',PK','') + IIF([3K_SEATS]>0, ',3K','') + IIF([EL_SEATS]>0, ',EL',''))) as grades,
    'NY' as stateCode,X as x, Y as y, Website as profile, '' as neighborhood, '' as district, '' as distance, 'C' as dataflag,
    rows = Row_Number() over (order by Address)
    from SchoolPages_PrekData sp
    where (Borough in ('M','X','K','Q','R'))
    and ((LocCode like :sLocCode or Name like :sName or Address like :sAddress)
    or (LocCode like :sLocCodeEx1 or Name like :sNameEx1 or Address like :sAddressEx1)
    or (LocCode like :sLocCodeEx2 or Name like :sNameEx2 or Address like :sAddressEx2))
    and (Borough like :sBorough)
    and (IIF(substring((IIF([PREK_SEATS]>0, ',PK','') + IIF([3K_SEATS]>0, ',3K','') + IIF([EL_SEATS]>0, ',EL','')),1,1)=',',substring((IIF([PREK_SEATS]>0, ',PK','') + IIF([3K_SEATS]>0, ',3K','') + IIF([EL_SEATS]>0, ',EL','')),2,8),(IIF([PREK_SEATS]>0, ',PK','') + IIF([3K_SEATS]>0, ',3K','') + IIF([EL_SEATS]>0, ',EL',''))) like :sGrade)
    ) r
    where (r.rows &#60;&#61; :sRows)
    order by locationCode
  </sql-query>

  <sql-query name="SchoolSearch_EL_GetByLocCodes" >
    <return class="SchoolSearchInfo">
      <return-property name="locationCode" column="locationCode" />
      <return-property name="type" column="type" />
      <return-property name="boroughName" column="boroughName" />
      <return-property name="name" column="name" />
      <return-property name="phoneNumber" column="phoneNumber" />
      <return-property name="primaryAddressLine" column="primaryAddressLine" />
      <return-property name="zip" column="zip" />
      <return-property name="grades" column="grades" />
      <return-property name="stateCode" column="stateCode" />
      <return-property name="x" column="x" />
      <return-property name="y" column="y" />
      <return-property name="profile" column="profile" />
      <return-property name="neighborhood" column="neighborhood" />
      <return-property name="district" column="district" />
      <return-property name="distance" column="distance" />
      <return-property name="dataflag" column="dataflag" />
    </return>
    select substring(LocCode,3,6) as locationCode, Type as type,
    Case When Borough ='M' Then 'Manhattan' When Borough = 'K' Then 'Brooklyn' When Borough = 'X' Then 'Bronx' When Borough = 'Q' Then 'Queens' When Borough = 'R' Then 'Staten Island' END 'boroughName',
    Name as name, Phone as phoneNumber, Address as primaryAddressLine, Zip as zip,
    IIF(substring((IIF([PREK_SEATS]>0, ',PK','') + IIF([3K_SEATS]>0, ',3K','') + IIF([EL_SEATS]>0, ',EL','')),1,1)=',',substring((IIF([PREK_SEATS]>0, ',PK','') + IIF([3K_SEATS]>0, ',3K','') + IIF([EL_SEATS]>0, ',EL','')),2,8),(IIF([PREK_SEATS]>0, ',PK','') + IIF([3K_SEATS]>0, ',3K','') + IIF([EL_SEATS]>0, ',EL',''))) as grades,
    'NY' as stateCode,X as x, Y as y, Website as profile,
    '' as neighborhood, '' as district, '' as distance, 'C' as dataflag
    from SchoolPages_PrekData
    where (Borough in ('M','X','K','Q','R'))
    and (substring(LocCode,3,6) in (:aLocationCode))
    order by substring(LocCode,3,6)
  </sql-query>
  
</hibernate-mapping>