{
  "layers": [
    {
      "title": "Boroughs",
      "url": "BLUEBoroughs/MapServer",
      "visible": true,
      "listMode": "hide-children",
      "maxScale": 144447.638572
    },
    {
      "title": "High School Zones",
      "url": "HSZones/MapServer",
      "listMode": "hide-children",
      "visible": false
    },
    {
      "title": "Middle School Zones",
      "url": "MidZones3/MapServer",
      "listMode": "hide-children",
      "visible": false
    },
    {
      "title": "Elementary School Zones",
      "url": "ElemZones3/MapServer",
      "listMode": "hide-children",
      "visible": false
    },
    {
      "title": "Subway Lines",
      "url": "Visual_Subs/MapServer",
      "listMode": "hide-children",
      "visible": false
    },
    {
      "title": "Subway Stations",
      "url": "SStations_alone/MapServer",
      "listMode": "hide-children",
      "visible": false
    }
  ],
  "initialExtent": {
    "xmin": -8271000,
    "ymin": 5000000,
    "xmax": -8198000,
    "ymax": 4936000,
    "spatialReference": 102100
  },
  "arcgis": { "url": "https://js.arcgis.com/4.12/" },
  "mapMode": {
    "neighborhoods": {
      "title": "Neighborhoods",
      "service": "SimpleNeighborLabels/MapServer/0",
      "outFields": "PjAreaName"
    },
    "districts": {
      "title": "Districts",
      "service": "BLUEBoroughs/MapServer/0",
      "outFields": "SCHOOLDIST"
    }
  },
  "endpoints": {
    "schoolLabels": "SchoolsLabels3/MapServer/0"
  },  
  "symbol": {
    "radius": {
      "color": [ 149, 149, 149, 0.34 ],
      "style": "solid",
      "outline": {
        "color": "black",
        "width": 1
      }
    },
    "schoolPin": {
      "type": "simple-marker",
      "color": [ 226, 119, 40 ],
      "outline": {
        "color": [ 255, 255, 255 ],
        "width": 2
      }
    },    
    "addressPin": {
      "type": "simple-marker",
      "color": [ 225, 0, 0 ],
      "outline": {
        "color": [ 255, 255, 255 ],
        "width": 2
      }
    },
    "zonePin": {
      "type": "simple-marker",
      "color": [ 8, 84, 153 ],
      "outline": {
        "color": [ 255, 255, 255 ],
        "width": 2
      }
    }
  }
}
