﻿<?xml version="1.0" encoding="utf-8" ?>
<hibernate-mapping xmlns="urn:nhibernate-mapping-2.2"
                   assembly="Lcgms.WebAPI"
                   namespace="Lcgms.WebAPI.Models">
  <class name="SchoolSearchAddress">
    <id name="locationCode" column="locationCode">
      <generator class="native"></generator>
    </id>
    <property name="name" column="name" />
    <property name="primaryAddressLine" column="primaryAddressLine" />
    <property name="dataflag" column="dataflag" />
    <loader query-ref="SchoolSearch_LCGMS_GetSchoolsBySearch" />
  </class>
  <sql-query name="SchoolSearch_LCGMS_GetSchoolsBySearch" >
    <return class="SchoolSearchAddress">
      <return-property name="locationCode" column="locationCode" />
      <return-property name="name" column="name" />
      <return-property name="primaryAddressLine" column="primaryAddressLine" />
      <return-property name="dataflag" column="dataflag" />
    </return>
    select distinct top 5 Location_Code as locationCode, Location_Name as name, Address_Line_1 as primaryAddressLine, 'L' as dataflag
    from LCGMS_SchoolSearch
    where (Borough_Code in ('M','X','K','Q','R'))
    and (Primary_Site_Flag like 'P%')
    and ((Location_Code like :sLocCode or Location_Name like :sName or Address_Line_1 like :sAddress)
    or (Location_Code like :sLocCodeEx1 or Location_Name like :sNameEx1 or Address_Line_1 like :sAddressEx1)
    or (Location_Code like :sLocCodeEx2 or Location_Name like :sNameEx2 or Address_Line_1 like :sAddressEx2))
    order by Location_Name
  </sql-query>
  
</hibernate-mapping>