﻿<?xml version="1.0" encoding="utf-8" ?>
<hibernate-mapping xmlns="urn:nhibernate-mapping-2.2"
                   assembly="Lcgms.WebAPI"
                   namespace="Lcgms.WebAPI.Models">
  <class name="SchoolSearchInfo">
    <id name="locationCode" column="locationCode">
      <generator class="native"></generator>
    </id>
    <property name="type" column="type" />
    <property name="boroughName" column="boroughName" />
    <property name="boroughCode" column="boroughCode" />
    <property name="name" column="name" />
    <property name="phoneNumber" column="phoneNumber" />
    <property name="primaryAddressLine" column="primaryAddressLine" />
    <property name="zip" column="zip" />
    <property name="grades" column="grades" />
    <property name="stateCode" column="stateCode" />
    <property name="x" column="x" />
    <property name="y" column="y" />
    <property name="profile" column="profile" />
    <property name="neighborhood" column="neighborhood" />
    <property name="district" column="district" />
    <property name="distance" column="distance" />
    <property name="dataflag" column="dataflag" />
    <loader query-ref="SchoolSearch_LCGMS_GetSchools, SchoolSearch_LCGMS_GetByLocCodes" />
  </class>
  <sql-query name="SchoolSearch_LCGMS_GetSchools" >
    <return class="SchoolSearchInfo">
      <return-property name="locationCode" column="locationCode" />
      <return-property name="type" column="type" />
      <return-property name="boroughName" column="boroughName" />
      <return-property name="boroughCode" column="boroughCode" />
      <return-property name="name" column="name" />
      <return-property name="phoneNumber" column="phoneNumber" />
      <return-property name="primaryAddressLine" column="primaryAddressLine" />
      <return-property name="zip" column="zip" />
      <return-property name="grades" column="grades" />
      <return-property name="stateCode" column="stateCode" />
      <return-property name="x" column="x" />
      <return-property name="y" column="y" />
      <return-property name="profile" column="profile" />
      <return-property name="neighborhood" column="neighborhood" />
      <return-property name="district" column="district" />
      <return-property name="distance" column="distance" />
      <return-property name="dataflag" column="dataflag" />
    </return>
    select distinct Location_Code as locationCode,
    Case when Location_Type_Code = '10' Then 'Transfer' ELSE Managed_By_Name END type,Borough_Code as boroughCode,
    Case When Borough_Code ='M' Then 'Manhattan' When Borough_Code = 'K' Then 'Brooklyn' When Borough_Code = 'X' Then 'Bronx' When Borough_Code = 'Q' Then 'Queens' When Borough_Code = 'R' Then 'Staten Island' END 'boroughName',
    Location_Name as name, Location_Phone_Number as phoneNumber, Address_Line_1 primaryAddressLine, Zip as zip, Grades,
    State_Code as stateCode, X_Coordinate as x, Y_Coordinate as y, '' as profile,
    NTA_Name as neighborhood, Geographical_District_Code as district, '' as distance, 'L' as dataflag
    from LCGMS_SchoolSearch
    where (Borough_Code in ('M','X','K','Q','R'))
    and (Primary_Site_Flag like 'P%')
    and ((Location_Code like :sLocCode or Location_Name like :sName or Address_Line_1 like :sAddress)
    or (Location_Code like :sLocCodeEx1 or Location_Name like :sNameEx1 or Address_Line_1 like :sAddressEx1)
    or (Location_Code like :sLocCodeEx2 or Location_Name like :sNameEx2 or Address_Line_1 like :sAddressEx2))
    and (Borough_Code like :sBorough)
    and (Grades like :sGrade)
    order by Location_Code
  </sql-query>

  <sql-query name="SchoolSearch_LCGMS_GetByLocCodes" >
    <return class="SchoolSearchInfo">
      <return-property name="locationCode" column="locationCode" />
      <return-property name="type" column="type" />
      <return-property name="boroughName" column="boroughName" />
      <return-property name="name" column="name" />
      <return-property name="phoneNumber" column="phoneNumber" />
      <return-property name="primaryAddressLine" column="primaryAddressLine" />
      <return-property name="zip" column="zip" />
      <return-property name="grades" column="grades" />
      <return-property name="stateCode" column="stateCode" />
      <return-property name="x" column="x" />
      <return-property name="y" column="y" />
      <return-property name="profile" column="profile" />
      <return-property name="neighborhood" column="neighborhood" />
      <return-property name="district" column="district" />
      <return-property name="distance" column="distance" />
      <return-property name="dataflag" column="dataflag" />
    </return>
    select distinct Location_Code as locationCode,
    Case when Location_Type_Code = '10' Then 'Transfer' ELSE Managed_By_Name END type,
    Case When Borough_Code ='M' Then 'Manhattan' When Borough_Code = 'K' Then 'Brooklyn' When Borough_Code = 'X' Then 'Bronx' When Borough_Code = 'Q' Then 'Queens' When Borough_Code = 'R' Then 'Staten Island' END 'boroughName',
    Location_Name as name, Location_Phone_Number as phoneNumber, Address_Line_1 primaryAddressLine, Zip as zip, Grades,
    State_Code as stateCode, X_Coordinate as x, Y_Coordinate as y, '' as profile,
    NTA_Name as neighborhood, Geographical_District_Code as district, '' as distance, 'L' as dataflag
    from LCGMS_SchoolSearch
    where (Borough_Code in ('M','X','K','Q','R'))
    and (Primary_Site_Flag like 'P%')
    and (Location_Code in (:aLocationCode))
    order by Location_Code
  </sql-query>
  
</hibernate-mapping>